{
  "CFT-Net": {
    "MAE": 5.794395530824732,
    "RMSE": 11.068024579574967,
    "sMAPE": 4.470387584471253,
    "MAPE": 4.574117072210726,
    "R2": 0.9966231515337456,
    "Corr": 0.7644565066226258,
    "PICP_80": 82.13272830402722,
    "MPIW_80": 18.967927085757527,
    "ECE": 1.6059805306610326,
    "Inference_ms": 0.01805921720939895,
    "Params_K": 174.276
  },
  "RandomForest": {
    "MAE": 7.617462211061675,
    "RMSE": 13.856339008409506,
    "sMAPE": 6.4541925251654435,
    "MAPE": 6.500504919702867,
    "R2": 0.9947074088898971,
    "Corr": null,
    "PICP_80": null,
    "MPIW_80": null,
    "ECE": null,
    "Inference_ms": 0.09123874079146578,
    "Params_K": null
  },
  "XGBoost": {
    "MAE": 3.4266665882388683,
    "RMSE": 7.498537626534454,
    "sMAPE": 2.8256025366752504,
    "MAPE": 2.8288072048085144,
    "R2": 0.998450025716501,
    "Corr": null,
    "PICP_80": null,
    "MPIW_80": null,
    "ECE": null,
    "Inference_ms": 0.001552921162006433,
    "Params_K": null
  },
  "LightGBM": {
    "MAE": 3.3037412841028377,
    "RMSE": 7.554886356999286,
    "sMAPE": 2.547032884048271,
    "MAPE": 2.5572716951176453,
    "R2": 0.998426643225698,
    "Corr": null,
    "PICP_80": null,
    "MPIW_80": null,
    "ECE": null,
    "Inference_ms": 0.00246942716307824,
    "Params_K": null
  }
}