{
  "model": "CompactCFT-Net-Calibrated",
  "num_params": 17316,
  "seed": 42,
  "calibration": {
    "scales": [
      12.549824237824632,
      19.15160655975423,
      27.74040508270336,
      47.636339187622276,
      99.79979959919841
    ],
    "bin_edges": [
      [
        0.17536035180091858,
        0.1872183084487915
      ],
      [
        0.1872183084487915,
        0.199945867061615
      ],
      [
        0.199945867061615,
        0.20765867829322815
      ],
      [
        0.20765867829322815,
        0.2295532524585724
      ],
      [
        0.2295532524585724,
        0.4098924398422241
      ]
    ],
    "val_picp_before": 8.233957978421351,
    "val_picp_after": 85.23566155593413
  },
  "test_metrics": {
    "mae": 9.049165725708008,
    "rmse": 23.790265774166308,
    "smape": 5.577995777130127,
    "mape": 5.538954257965088,
    "corr": 0.6167971521268178,
    "picp_80_raw": 9.188882586500284,
    "picp_80_calibrated": 84.1747022121384,
    "mpiw_raw": 0.5488826177252523,
    "mpiw_calibrated": 25.168167219234572
  },
  "best_val_metrics": {
    "smape": 5.484833240509033,
    "mape": 5.451601505279541,
    "mae": 8.293270111083984,
    "rmse": 20.148575331537092,
    "corr": 0.6337713274968364,
    "ece": 8.080132981039867,
    "picp_80": 8.233957978421351,
    "mpiw_80": 0.5462926003741971,
    "epoch": 126
  },
  "config": {
    "lr": 0.0005,
    "weight_decay": 5e-05,
    "epochs": 300,
    "patience": 40,
    "batch_size": 64,
    "embed_dim": 32,
    "nhead": 2,
    "num_layers": 1,
    "dim_feedforward": 32,
    "reg_coeff": 0.005,
    "warmup_epochs": 30,
    "alpha_init": 1.1,
    "beta_init": 0.5,
    "v_init": 0.1,
    "picp_target": 0.8,
    "data_path": "cts_data.xlsx",
    "feature_path": "image_features_database.csv",
    "model_save_path": "cts_fixed_0218_2032_seed42.pth",
    "mape_weight": 0.4,
    "corr_weight": 0.3,
    "ece_weight": 0.3,
    "ema_alpha": 0.9,
    "winsorize_limits": 0.05,
    "use_winsorized_for_selection": false,
    "use_mixup": true,
    "mixup_alpha": 0.2
  }
}