{
  "model": "CompactCFT-Net-Calibrated",
  "num_params": 17316,
  "seed": 42,
  "calibration": {
    "scale_factor": 33.712881088257504,
    "val_picp_before": 9.369676320272573
  },
  "test_metrics": {
    "mae": 8.810011863708496,
    "rmse": 23.495541413395728,
    "smape": 5.397941589355469,
    "mape": 5.348971366882324,
    "corr": 0.6727477077670142,
    "picp_80_raw": 9.359047078842881,
    "picp_80_calibrated": 83.3238797504254,
    "mpiw_raw": 0.6387851931348384,
    "mpiw_calibrated": 21.535290464807968
  },
  "best_val_metrics": {
    "smape": 5.327754974365234,
    "mape": 5.289007186889648,
    "mae": 8.160419464111328,
    "rmse": 20.61414398244337,
    "corr": 0.66323508932755,
    "ece": 7.912134132623536,
    "picp_80": 9.369676320272573,
    "mpiw_80": 0.6363782868114622,
    "epoch": 131
  },
  "config": {
    "lr": 0.0005,
    "weight_decay": 5e-05,
    "epochs": 150,
    "patience": 30,
    "batch_size": 64,
    "embed_dim": 32,
    "nhead": 2,
    "num_layers": 1,
    "dim_feedforward": 32,
    "reg_coeff": 0.005,
    "warmup_epochs": 30,
    "alpha_init": 1.5,
    "beta_init": 1.0,
    "v_init": 0.5,
    "picp_target": 0.8,
    "data_path": "cts_data.xlsx",
    "feature_path": "image_features_database.csv",
    "model_save_path": "cts_fixed_0217_1727_seed42.pth",
    "mape_weight": 0.4,
    "corr_weight": 0.3,
    "ece_weight": 0.3,
    "ema_alpha": 0.9,
    "winsorize_limits": 0.05,
    "use_winsorized_for_selection": false,
    "use_mixup": true,
    "mixup_alpha": 0.2
  }
}