{
  "model": "CompactCFT-Net-Calibrated",
  "num_params": 50724,
  "seed": 42,
  "calibration": {
    "scales": [
      10.553365230561907,
      14.280591487885104,
      25.818282127380805,
      46.09722328186073,
      100.0
    ],
    "bin_edges": [
      [
        0.181714728474617,
        0.1908365786075592
      ],
      [
        0.1908365786075592,
        0.2024012953042984
      ],
      [
        0.2024012953042984,
        0.20996388792991638
      ],
      [
        0.20996388792991638,
        0.231257826089859
      ],
      [
        0.231257826089859,
        0.3815205693244934
      ]
    ],
    "val_picp_before": 8.404315729699034,
    "val_picp_after": 84.95173197047133
  },
  "test_metrics": {
    "mae": 9.274537086486816,
    "rmse": 24.013224455088675,
    "smape": 5.254649639129639,
    "mape": 5.218198299407959,
    "corr": 0.6914777989383577,
    "picp_80_raw": 9.075439591605218,
    "picp_80_calibrated": 84.344866704481,
    "mpiw_raw": 0.5553282525815433,
    "mpiw_calibrated": 24.53638613799477
  },
  "best_val_metrics": {
    "smape": 5.156383991241455,
    "mape": 5.134766101837158,
    "mae": 8.39124584197998,
    "rmse": 20.86678897387133,
    "corr": 0.6757392270051624,
    "ece": 8.175809324633866,
    "picp_80": 8.404315729699034,
    "mpiw_80": 0.5521872599575549,
    "epoch": 118
  },
  "config": {
    "lr": 0.0005,
    "weight_decay": 5e-05,
    "epochs": 300,
    "patience": 40,
    "batch_size": 64,
    "embed_dim": 64,
    "nhead": 4,
    "num_layers": 2,
    "dim_feedforward": 32,
    "reg_coeff": 0.005,
    "warmup_epochs": 30,
    "alpha_init": 1.1,
    "beta_init": 0.5,
    "v_init": 0.01,
    "picp_target": 0.8,
    "data_path": "cts_data.xlsx",
    "feature_path": "image_features_database.csv",
    "model_save_path": "cts_fixed_0218_2052_seed42.pth",
    "mape_weight": 0.4,
    "corr_weight": 0.3,
    "ece_weight": 0.3,
    "ema_alpha": 0.9,
    "winsorize_limits": 0.05,
    "use_winsorized_for_selection": false,
    "use_mixup": true,
    "mixup_alpha": 0.2
  }
}