{
  "model": "CompactCFT-Net-Calibrated",
  "num_params": 6756,
  "seed": 42,
  "calibration": {
    "scale_factor": 10.0,
    "val_picp_before": 5.565019875070982
  },
  "test_metrics": {
    "mae": 43.54347229003906,
    "rmse": 116.1743159208932,
    "smape": 21.577316284179688,
    "mape": 21.75499725341797,
    "corr": 0.7508744967957581,
    "picp_80_raw": 4.480998298355077,
    "picp_80_calibrated": 35.791264889393084,
    "mpiw_raw": 1.1438554128536353,
    "mpiw_calibrated": 11.438554139714855
  },
  "best_val_metrics": {
    "smape": 20.764219284057617,
    "mape": 21.468549728393555,
    "mae": 39.73152542114258,
    "rmse": 108.36625451305171,
    "corr": 0.7316820968587807,
    "ece": 39.28649729588436,
    "picp_80": 5.565019875070982,
    "mpiw_80": 1.1406593884926066,
    "epoch": 3
  },
  "config": {
    "lr": 0.0005,
    "weight_decay": 5e-05,
    "epochs": 150,
    "patience": 30,
    "batch_size": 64,
    "embed_dim": 16,
    "nhead": 2,
    "num_layers": 1,
    "dim_feedforward": 32,
    "reg_coeff": 2.0,
    "warmup_epochs": 3,
    "alpha_init": 1.5,
    "beta_init": 1.0,
    "v_init": 0.5,
    "picp_target": 0.8,
    "picp_weight": 1.0,
    "data_path": "cts_data.xlsx",
    "feature_path": "image_features_database.csv",
    "model_save_path": "cts_fixed_0217_0040_seed42.pth",
    "mape_weight": 0.4,
    "corr_weight": 0.3,
    "ece_weight": 0.3,
    "ema_alpha": 0.9,
    "winsorize_limits": 0.05,
    "use_winsorized_for_selection": false,
    "use_mixup": true,
    "mixup_alpha": 0.2
  }
}