{
    "Full CFT-Net (Ours)": {
        "rmse": 17.791617052793974,
        "mae": 5.471280417781324,
        "r2": 0.9903396430454745
    },
    "w/o Attention (MLP)": {
        "rmse": 26.74930591215997,
        "mae": 9.119847554255161,
        "r2": 0.9781632820537264
    },
    "w/o Dual-Tower": {
        "rmse": 22.225344512095642,
        "mae": 6.694447993014203,
        "r2": 0.9849249301578817
    },
    "w/o Uncertainty (MSE)": {
        "rmse": 9.699373846563313,
        "mae": 4.322167474292805,
        "r2": 0.9971288906911483
    }
}