{
  "id_uncertainty": 7.333267688751221,
  "ood_uncertainty": 94.41407012939453,
  "ood_auroc": 0.7952709999999998
}