{
  "cftnet_smape": 14.00282856795006,
  "cftnet_mape": 12.793226186858412,
  "cftnet_mae": 32.64255525898215,
  "cftnet_corr": 0.5625537215865424,
  "cftnet_ece": 32.19946654083047,
  "best_baseline_smape": 3.4768207132182143,
  "best_baseline_name": "Random Forest",
  "smape_improvement_percent": -302.74807713592924
}